交易日期,记账日期,交易摘要,交易金额
2025-07-02,2025-07-02,财付通-上海老炝饼（佳宝路店）,+2.50
2025-07-02,2025-07-02,支付宝-上海拉扎斯信息科技有限公司,+16.83
2025-07-01,2025-07-01,财付通-上海老炝饼（佳宝路店）,+3.00
2025-06-29,2025-06-29,财付通-对酒当歌地道川菜,+79.00
2025-06-29,2025-06-29,财付通-对酒当歌地道川菜,+580.00
2025-06-29,2025-06-29,10元消费金(满100元可用)返现,-10.00
2025-06-29,2025-06-29,财付通-对酒当歌地道川菜,-580.00
2025-06-29,2025-06-29,10元消费金(满100元可用)返现撤回,+10.00
2025-06-29,2025-06-29,财付通-蘇小柳,+55.00
2025-06-29,2025-06-29,财付通-虹桥丽宝广场,+15.00
2025-06-28,2025-06-28,通联支付-信用卡还款- 215500685,-2478.96
2025-06-27,2025-06-27,财付通-上海老炝饼（佳宝路店）,+2.50
2025-06-27,2025-06-27,财付通-辣朵云Bistro,+19.00
2025-06-26,2025-06-27,财付通-闪魔SMARTDEVIL官方旗舰店,+11.90
2025-06-26,2025-06-26,财付通-上海老炝饼（佳宝路店）,+2.50
2025-06-25,2025-06-26,财付通-时代年华超市,+2.00
2025-06-24,2025-06-25,财付通-拼多多平台商户,+20.78
2025-06-23,2025-06-23,财付通-红烧牛肉面上海虹梅路店,+19.00
2025-06-21,2025-06-21,10元消费金(满100元可用)返现撤回,+10.00
2025-06-21,2025-06-21,财付通-时代年华超市,+5.50
2025-06-20,2025-06-20,财付通-拼多多平台商户,-90.95
2025-06-20,2025-06-20,财付通-上海闵行开市客贸易有限公司,+33.80
2025-06-18,2025-06-18,财付通-拼多多平台商户,+153.48
2025-06-18,2025-06-18,10元消费金(满100元可用)返现,-10.00
2025-06-18,2025-06-18,财付通-华为云计算,+28.00
2025-06-17,2025-06-17,拼多多支付-当当网官方旗舰店,+377.00
2025-06-17,2025-06-17,拼多多支付-当当网官方旗舰店,-81.74
2025-06-17,2025-06-17,钱袋宝-李沁沁现炒浇头面田林店,+23.41
2025-06-16,2025-06-16,钱袋宝-湘溪里老长沙盖码饭,+21.88
2025-06-14,2025-06-14,钱袋宝-东北烧烤相约虹桥虹桥美食城,+32.56
2025-06-13,2025-06-13,钱袋宝-湘溪里老长沙盖码饭,+15.88
2025-06-11,2025-06-11,钱袋宝-老陕一面油泼面臊子面焖面吴,+25.00
2025-06-08,2025-06-08,财付通-东方能源,+128.00
2025-06-06,2025-06-06,财付通-上海闵行开市客贸易有限公司,+308.10
2025-06-05,2025-06-05,财付通-生烫牛肉米线隆江猪脚饭,+24.00
2025-06-04,2025-06-05,财付通-拼多多平台商户,+126.89
2025-06-04,2025-06-05,财付通-拼多多平台商户,-44.01
2025-06-04,2025-06-05,财付通-拼多多平台商户,-28.94
2025-06-04,2025-06-04,财付通-老长沙盖码饭（虹梅路店）,+19.00
2025-06-02,2025-06-02,钱袋宝-大润发华漕店,+45.36
2025-06-02,2025-06-02,钱袋宝-大润发华漕店,-0.54
2025-06-02,2025-06-02,钱袋宝-泰果切,+43.18
2025-06-01,2025-06-02,拼多多支付-辰暮官方旗舰店,+32.88
2025-06-01,2025-06-01,钱袋宝-美团支付,+210.90
2025-05-30,2025-05-30,财付通-李家牛肉汤虹梅路店,+16.00
2025-05-30,2025-05-30,支付宝-国网上海市电力公司(缴费),+106.55
2025-05-26,2025-05-26,财付通-鸿顺早点,+3.00
2025-05-26,2025-05-26,财付通-拼多多平台商户,+288.02
2025-05-25,2025-05-25,财付通-上海全家便利店,+8.50
2025-05-24,2025-05-24,财付通-快客超市,+8.50
2025-05-24,2025-05-24,财付通-小菜园（上海）餐饮管理有限,+70.00
2025-05-22,2025-05-22,财付通-上海宜合餐饮管理有限公司徐,+26.00
2025-05-22,2025-05-22,财付通-海口冬天星网络科技有限公司,+32.00
2025-05-21,2025-05-21,财付通-成事不二堂,+388.00
2025-05-21,2025-05-21,财付通-渝味重庆小面,+19.00
2025-05-21,2025-05-21,财付通-上海市浦东新区川沙新镇邻活,+5.00
2025-05-21,2025-05-21,钱袋宝-美团支付,+6.70
2025-05-21,2025-05-21,财付通-一水瑜伽普拉提,+99.00
2025-05-20,2025-05-20,通联支付-信用卡还款- 215500685,-4059.12
2025-05-19,2025-05-19,财付通-砂锅云南过桥米线上海市宁波,+45.00
2025-05-19,2025-05-19,财付通-砂锅云南过桥米线上海市宁波,+10.00
2025-05-19,2025-05-19,财付通-罗小芳生烫牛肉粉（华漕大润,+3.60
2025-05-19,2025-05-19,财付通-大润发 RT-Mart,+218.88
2025-05-18,2025-05-18,钱袋宝-喜茶上海华漕u天地店,+4.42
2025-05-18,2025-05-18,钱袋宝-美团支付,+26.70
2025-05-18,2025-05-18,财付通-碎银几两饰品（江桥万达）,+169.00
2025-05-17,2025-05-17,财付通-鸭海棠现捞卤味,+11.90
2025-05-16,2025-05-16,财付通-上海第九人民医院,+6.00
2025-05-16,2025-05-16,财付通-老上海馄饨铺瞿溪路店,+12.00
2025-05-15,2025-05-15,财付通-时代年华超市,+3.50
2025-05-14,2025-05-14,财付通-美团平台商户,+2.87
2025-05-14,2025-05-14,财付通-地锅岁月（华漕·生活馆店）,+34.00
2025-05-10,2025-05-10,利息,+47.55
2025-05-09,2025-05-09,财付通-上海一网通办缴费平台,+199.90
2025-05-09,2025-05-09,财付通-复旦大学附属华山医院,+6.00
2025-05-06,2025-05-06,财付通-杭州-灵感之茶,+32.70
2025-05-04,2025-05-04,财付通-中铁网络,-43.00
2025-05-04,2025-05-04,财付通-麻城市麻商超市凡固垸,+9.50
2025-05-04,2025-05-04,财付通-中铁网络,-207.00
2025-05-04,2025-05-04,财付通-武客段武汉,+210.00
2025-05-03,2025-05-04,财付通-中铁网络,+146.89
2025-05-03,2025-05-04,10元消费金(满100元可用)返现,-10.00
2025-05-03,2025-05-03,财付通-中铁网络,-56.00
2025-05-03,2025-05-03,财付通-金典连锁超市,+10.50
2025-05-03,2025-05-03,财付通-潢川县工薪之家,+69.00
2025-05-03,2025-05-03,财付通-潢川县工薪之家,+167.00
2025-05-02,2025-05-03,财付通-中铁网络,+330.00
2025-05-02,2025-05-03,财付通-中铁网络,+302.00
2025-05-02,2025-05-03,财付通-中铁网络,-659.89
2025-05-02,2025-05-02,钱袋宝-美团支付,-34.44
2025-05-02,2025-05-02,财付通-中铁网络,+659.89
2025-05-02,2025-05-02,财付通-西亚超市连锁管理有限公司潢,+16.70
2025-05-02,2025-05-02,财付通-西亚超市连锁管理有限公司潢,+39.00
2025-05-02,2025-05-02,财付通-吴记热干面（潢川店）,+5.00
2025-05-02,2025-05-02,支付宝-杭州淘票票科技有限公司,+31.00
2025-05-01,2025-05-01,财付通-潢川县合美副食品店,+6.00
2025-04-30,2025-05-01,财付通-安徽省高速石化有限公司,+337.96
2025-04-30,2025-04-30,财付通-面缘沙县小吃,+102.00
2025-04-30,2025-04-30,财付通-苏州绕城高速公路有限公司太,+36.00
2025-04-30,2025-04-30,财付通-江苏荷塘月色商贸有限公司,+188.00
2025-04-28,2025-04-28,财付通-美团平台商户,+51.32
2025-04-28,2025-04-28,财付通-美团平台商户,-0.67
2025-04-26,2025-04-26,财付通-瑞幸咖啡,+12.79
2025-04-26,2025-04-26,财付通-小钱龙虾（繁兴店）,+127.00
2025-04-25,2025-04-25,财付通-上海第九人民医院,+6.00
2025-04-25,2025-04-25,财付通-上海第九人民医院,+20.00
2025-04-25,2025-04-25,财付通-万向大厦,+24.00
2025-04-25,2025-04-25,财付通-万向大厦,+17.00
2025-04-24,2025-04-24,财付通-万向大厦,+32.00
2025-04-23,2025-04-23,财付通-万向大厦,+24.00
2025-04-22,2025-04-22,财付通-万向大厦,+17.00
2025-04-21,2025-04-21,财付通-万向大厦,+24.00
2025-04-17,2025-04-17,财付通-万向大厦,+24.00
2025-04-15,2025-04-15,财付通-万向大厦,+24.00
2025-04-15,2025-04-15,支付宝-上海城投水务(集团)有限公司,+214.45
2025-04-14,2025-04-14,财付通-万向大厦,+27.00
2025-04-14,2025-04-14,财付通-万向大厦,+17.00
2025-04-11,2025-04-11,财付通-李记,+46.00
2025-04-11,2025-04-11,财付通-李记,+9.00
2025-04-10,2025-04-10,财付通-万向大厦,+24.00
2025-04-10,2025-04-10,财付通-对酒当歌地道川菜,+11.00
2025-04-08,2025-04-09,财付通-拼多多平台商户,+0.10
2025-04-08,2025-04-08,财付通-中国万向控股有限公司,+6.00
2025-04-08,2025-04-08,财付通-万向大厦,+17.00
2025-04-07,2025-04-07,财付通-万向大厦,+27.00
2025-04-07,2025-04-07,财付通-万向大厦,+17.00
2025-04-05,2025-04-05,财付通-美团,+79.00
2025-04-05,2025-04-05,财付通-美团,+89.88
2025-04-05,2025-04-05,财付通-麻六记（蟠鼎路店）,+1.00
2025-04-04,2025-04-04,财付通-柠季·手打柠檬茶（上海七浦,+20.00
2025-04-04,2025-04-04,财付通-瑞幸咖啡,+11.80
2025-04-03,2025-04-03,财付通-万向大厦,+17.00
2025-04-02,2025-04-02,财付通-万向大厦,+17.00
2025-04-02,2025-04-02,财付通-万向大厦,+17.00
